{"name":"298718c0-1095-4387-bfc9-166e0821886c","id":"/providers/Microsoft.Flow/flows/298718c0-1095-4387-bfc9-166e0821886c","type":"Microsoft.Flow/flows","properties":{"apiId":"/providers/Microsoft.PowerApps/apis/shared_logicflows","displayName":"Get Web Form IDs","definition":{"metadata":{"workflowEntityId":null,"processAdvisorMetadata":null,"flowclientsuspensionreason":"None","flowclientsuspensiontime":null,"creator":{"id":"68ee868f-1843-4fcc-a6f9-9a6b1715741a","type":"User","tenantId":"fa7b1b5a-7b34-4387-94ae-d2c178decee1"},"provisioningMethod":"FromDefinition","failureAlertSubscription":true,"clientLastModifiedTime":"2021-08-04T16:32:40.1567293Z"},"$schema":"https://schema.management.azure.com/providers/Microsoft.Logic/schemas/2016-06-01/workflowdefinition.json#","contentVersion":"1.0.0.0","parameters":{"$connections":{"defaultValue":{},"type":"Object"},"$authentication":{"defaultValue":{},"type":"SecureObject"}},"triggers":{"manual":{"type":"Request","kind":"Button","inputs":{"schema":{"type":"object","properties":{},"required":[]}}}},"actions":{"integrationKey":{"runAfter":{},"type":"InitializeVariable","inputs":{"variables":[{"name":"integrationKey","type":"string"}]},"description":"Add your integration key below. To learn how, see here: https://helpx.adobe.com/sign/kb/how-to-create-an-integration-key.html"},"Get_Web_Forms":{"runAfter":{"integrationKey":["Succeeded"]},"type":"Http","inputs":{"method":"GET","uri":"https://api.na1.adobesign.com/api/rest/v6/widgets","headers":{"Authorization":"Bearer @{variables('integrationKey')}"}}},"Parse_JSON":{"runAfter":{"Get_Web_Forms":["Succeeded"]},"type":"ParseJson","inputs":{"content":"@body('Get_Web_Forms')","schema":{"type":"object","properties":{"userWidgetList":{"type":"array","items":{"type":"object","properties":{"id":{"type":"string"},"name":{"type":"string"},"groupId":{"type":"string"},"javascript":{"type":"string"},"modifiedDate":{"type":"string"},"status":{"type":"string"},"url":{"type":"string"},"hidden":{"type":"boolean"}},"required":["id","name","javascript","modifiedDate","status","url","hidden"]}},"page":{"type":"object","properties":{"nextCursor":{"type":"string"}}}}}}},"Apply_to_each":{"foreach":"@body('Parse_JSON')?['userWidgetList']","actions":{"Add_a_row_into_a_table":{"runAfter":{},"metadata":{"01OVWWFT7H5CE4SJVRJVGKJOH4AXD7XOIL":"/Web Form IDs.xlsx","tableId":"{1C0C76EB-4665-4097-8BB8-69D68E4E609C}"},"type":"OpenApiConnection","inputs":{"host":{"apiId":"/providers/Microsoft.PowerApps/apis/shared_excelonlinebusiness","connectionName":"shared_excelonlinebusiness","operationId":"AddRowV2"},"parameters":{"source":"me","drive":"b!RChsfWIAME-JTHUolTEgxr5HYxT8Au5KqXOQqjvDtPBfhCIcxeHuQpbUeWPLrabn","file":"01OVWWFT7H5CE4SJVRJVGKJOH4AXD7XOIL","table":"{1C0C76EB-4665-4097-8BB8-69D68E4E609C}","item/Web Form":"@items('Apply_to_each')?['name']","item/ID":"@items('Apply_to_each')?['id']","item/URL":"@items('Apply_to_each')?['url']","item/Modified Date":"@items('Apply_to_each')?['modifiedDate']","item/Status":"@items('Apply_to_each')?['status']","item/Owner":"@items('Apply_to_each')?['groupId']"},"authentication":{"value":"@json(decodeBase64(triggerOutputs().headers['X-MS-APIM-Tokens']))['$ConnectionKey']","type":"Raw"}}}},"runAfter":{"Parse_JSON":["Succeeded"]},"type":"Foreach"}}},"connectionReferences":{"shared_excelonlinebusiness":{"connectionName":"shared-excelonlinebu-7e62d924-e5eb-4f91-84fc-2a9c41d90f60","source":"Invoker","id":"/providers/Microsoft.PowerApps/apis/shared_excelonlinebusiness","tier":"NotSpecified"}},"flowFailureAlertSubscribed":false}}