{"name":"2570e8e7-8c8d-491d-a344-deb3b4249ee2","id":"/providers/Microsoft.Flow/flows/2570e8e7-8c8d-491d-a344-deb3b4249ee2","type":"Microsoft.Flow/flows","properties":{"apiId":"/providers/Microsoft.PowerApps/apis/shared_logicflows","displayName":"Parse Invoices and Split","definition":{"metadata":{"workflowEntityId":null,"processAdvisorMetadata":null,"flowclientsuspensionreason":"None","flowclientsuspensiontime":null,"creator":{"id":"68ee868f-1843-4fcc-a6f9-9a6b1715741a","type":"User","tenantId":"fa7b1b5a-7b34-4387-94ae-d2c178decee1"},"provisioningMethod":"FromDefinition","failureAlertSubscription":true,"clientLastModifiedTime":"2022-02-21T01:37:00.8328825Z"},"$schema":"https://schema.management.azure.com/providers/Microsoft.Logic/schemas/2016-06-01/workflowdefinition.json#","contentVersion":"1.0.0.0","parameters":{"$connections":{"defaultValue":{},"type":"Object"},"$authentication":{"defaultValue":{},"type":"SecureObject"}},"triggers":{"manual":{"metadata":{"operationMetadataId":"47342b05-0356-418b-b9fb-ebf01dd48ac4"},"type":"Request","kind":"Button","inputs":{"schema":{"type":"object","properties":{"file":{"title":"File Content","type":"object","x-ms-dynamically-added":true,"description":"Please select file or image","x-ms-content-hint":"FILE","properties":{"name":{"type":"string"},"contentBytes":{"type":"string","format":"byte"}}}},"required":[]}}}},"actions":{"Adobe_Extract_PDF_content":{"runAfter":{},"metadata":{"operationMetadataId":"c31d042a-e701-4d40-9faf-f80dc9013d60"},"type":"OpenApiConnection","inputs":{"host":{"apiId":"/providers/Microsoft.PowerApps/apis/shared_adobepdftools","connectionName":"shared_adobepdftools_1","operationId":"ExtractJSONObjectFromPDF"},"parameters":{"inputFileName":"file.pdf","InputFile0/body":"@triggerBody()['file']['contentBytes']","addCharInfo":true,"getStylingInfo":true},"authentication":{"value":"@json(decodeBase64(triggerOutputs().headers['X-MS-APIM-Tokens']))['$ConnectionKey']","type":"Raw"}}},"Parse_JSON":{"runAfter":{"Adobe_Extract_PDF_content":["Succeeded"]},"metadata":{"operationMetadataId":"52f324f4-8cae-4eeb-97e0-02bd62ab5a2e"},"type":"ParseJson","inputs":{"content":"@outputs('Adobe_Extract_PDF_content')?['body/structuredJsonObject']","schema":{"type":"object","properties":{"pages":{"type":"array","items":{"type":"object","properties":{"boxes":{"type":"object","properties":{"CropBox":{"type":"array","items":{"type":"number"}},"MediaBox":{"type":"array","items":{"type":"number"}}}},"page_number":{"type":"number"},"rotation":{"type":"number"},"width":{"type":"number"},"height":{"type":"number"}},"required":[]}},"extended_metadata":{"type":"object","properties":{"is_encrypted":{"type":"boolean"},"is_certified":{"type":"boolean"},"ID_permanent":{"type":"string"},"language":{"type":"string"},"pdf_version":{"type":"string"},"ID_instance":{"type":"string"},"has_acroform":{"type":"boolean"},"is_digitally_signed":{"type":"boolean"},"has_embedded_files":{"type":"boolean"},"is_XFA":{"type":"boolean"},"pdfa_compliance_level":{"type":"string"},"pdfua_compliance_level":{"type":"string"},"page_count":{"type":"number"}}},"elements":{"type":"array","items":{"type":"object","properties":{"Path":{"type":"string"},"HasClip":{"type":"boolean"},"Bounds":{"type":"array"},"TextSize":{"type":"number"},"Lang":{"type":"string"},"Page":{"type":"number"},"Text":{"type":"string"},"attributes":{"type":"object","properties":{"LineHeight":{"type":"number"},"SpaceAfter":{"type":"number"}}},"CharBounds":{"type":"array","items":{"type":"array"}},"Font":{"type":"object","properties":{"name":{"type":"string"},"weight":{"type":"number"},"alt_family_name":{"type":"string"},"monospaced":{"type":"boolean"},"encoding":{"type":"string"},"embedded":{"type":"boolean"},"family_name":{"type":"string"},"font_type":{"type":"string"},"italic":{"type":"boolean"},"subset":{"type":"boolean"}}},"Kids":{"type":"array","items":{"type":"object","properties":{"Path":{"type":"string"},"HasClip":{"type":"boolean"},"Bounds":{"type":"array"},"TextSize":{"type":"number"},"Page":{"type":"number"},"Text":{"type":"string"},"attributes":{"type":"object","properties":{"Placement":{"type":"string"}}},"CharBounds":{"type":"array","items":{"type":"array"}},"Font":{"type":"object","properties":{"name":{"type":"string"},"weight":{"type":"number"},"alt_family_name":{"type":"string"},"monospaced":{"type":"boolean"},"encoding":{"type":"string"},"embedded":{"type":"boolean"},"family_name":{"type":"string"},"font_type":{"type":"string"},"italic":{"type":"boolean"},"subset":{"type":"boolean"}}}},"required":[]}},"Reference":{"type":"string"},"ClipBounds":{"type":"array"},"filePaths":{"type":"array","items":{"type":"string"}}},"required":[]}},"version":{"type":"object","properties":{"schema":{"type":"string"},"table_structure":{"type":"string"},"page_segmentation":{"type":"string"},"json_export":{"type":"string"},"structure":{"type":"string"}}}}}},"description":"Parses the JSON data from the PDF Extract service."},"searchArray":{"runAfter":{"Parse_JSON":["Succeeded"]},"metadata":{"operationMetadataId":"5ee6cad4-5b0d-47dd-8d10-b16cd0582cad"},"type":"Query","inputs":{"from":"@body('Parse_JSON')?['elements']","where":"@startsWith(item()?['Path'], '//Document/H1')"},"description":"Here you can specify which elements that you are looking for."},"splitValuesString":{"runAfter":{"searchArray":["Succeeded"]},"metadata":{"operationMetadataId":"aa76a735-75af-487f-8690-9c51fb0ef204"},"type":"InitializeVariable","inputs":{"variables":[{"name":"values","type":"string"}]},"description":"Used to collect the string to pass into the Split PDF action. These are in array format, but this will include the page ranges."},"eachItem":{"foreach":"@body('searchArray')","actions":{"Is_Not_Last_Element":{"actions":{"Increment_variable":{"runAfter":{"Set_endPoint_if_not_last_element":["Succeeded"]},"metadata":{"operationMetadataId":"001efa1b-ade2-4a72-99d4-5baba134f617"},"type":"IncrementVariable","inputs":{"name":"iterator","value":1},"description":"Increment variable for the loop."},"If_start_point_is_more_than_one_page":{"actions":{"Add_value_to_string_array_with_page_range_2":{"runAfter":{},"metadata":{"operationMetadataId":"99efc050-1341-44da-bab2-b82813baf6b8"},"type":"AppendToStringVariable","inputs":{"name":"values","value":"@{variables('startPoint')}-@{variables('endPoint')},"}}},"runAfter":{"Increment_variable":["Succeeded"]},"else":{"actions":{"Add_value_to_string_array_with_page_only_2":{"runAfter":{},"metadata":{"operationMetadataId":"5d98178d-a79f-427b-89ac-57cfd42b2691"},"type":"AppendToStringVariable","inputs":{"name":"values","value":"@{variables('startPoint')},"}}}},"expression":{"not":{"equals":["@variables('startPoint')","@variables('endPoint')"]}},"metadata":{"operationMetadataId":"edd5a181-d6ae-4290-8586-fda04139aa56"},"type":"If","description":"Depending on whether the section is one page or many pages, it will add a range to the string array or a single value. It adds a comma to the end assuming there will be a subsequent value added."},"Set_startPoint_if_not_last_element":{"runAfter":{},"metadata":{"operationMetadataId":"845e18bb-b880-4486-87fc-49971a727ae3"},"type":"SetVariable","inputs":{"name":"startPoint","value":"@add(body('searchArray')?[variables('iterator')]?['page'], 1)"},"description":"Gets the current element's page number + 1. The reason for this is the Split PDF starts at 1, while PDF Extract starts at 0."},"Set_endPoint_if_not_last_element":{"runAfter":{"Set_startPoint_if_not_last_element":["Succeeded"]},"metadata":{"operationMetadataId":"c2dff854-9d87-4223-a38d-4e7a71062f66"},"type":"SetVariable","inputs":{"name":"endPoint","value":"@body('searchArray')?[add(variables('iterator'), 1)]?['page']"},"description":"Gets the next element's page number. This allows the page range to be calculated."}},"runAfter":{},"else":{"actions":{"If_more_than_one_page":{"actions":{"Add_value_to_string_array_with_page_range":{"runAfter":{},"metadata":{"operationMetadataId":"99efc050-1341-44da-bab2-b82813baf6b8"},"type":"AppendToStringVariable","inputs":{"name":"values","value":"@{variables('startPoint')}-@{variables('endPoint')}"}}},"runAfter":{"Set_endPoint_if_last_element":["Succeeded"]},"else":{"actions":{"Add_value_to_string_array_with_page_only":{"runAfter":{},"metadata":{"operationMetadataId":"2c9ff1a5-8825-4726-844c-109c49e1f061"},"type":"AppendToStringVariable","inputs":{"name":"values","value":"@variables('endPoint')"}}}},"expression":{"not":{"equals":["@variables('startPoint')","@variables('endPoint')"]}},"metadata":{"operationMetadataId":"feb59b55-c6e4-4c6c-aee2-f41304631d5e"},"type":"If"},"Set_startPoint_if_last_element":{"runAfter":{},"metadata":{"operationMetadataId":"845e18bb-b880-4486-87fc-49971a727ae3"},"type":"SetVariable","inputs":{"name":"startPoint","value":"@add(body('searchArray')?[variables('iterator')]?['page'], 1)"},"description":"Gets the current element's page number + 1. The reason for this is the Split PDF starts at 1, while PDF Extract starts at 0."},"Set_endPoint_if_last_element":{"runAfter":{"Set_startPoint_if_last_element":["Succeeded"]},"metadata":{"operationMetadataId":"c2dff854-9d87-4223-a38d-4e7a71062f66"},"type":"SetVariable","inputs":{"name":"endPoint","value":"@body('Parse_JSON')?['extended_metadata']?['page_count']"},"description":"Because it is the last element, it sets the last page to be the page count."}}},"expression":{"less":["@variables('iterator')","@variables('numSplitPoints')"]},"metadata":{"operationMetadataId":"8e3f6476-d8d9-4d21-b0dc-9311bb44902e"},"type":"If","description":"Checks to see if the current element is not the last element"}},"runAfter":{"iterator":["Succeeded"]},"metadata":{"operationMetadataId":"de52d9c9-07c0-48c0-b73b-e2ffb9390f27"},"type":"Foreach","description":"Iterates through each item in the filter of elements that were found in the PDF."},"output":{"runAfter":{"eachItem":["Succeeded"]},"metadata":{"operationMetadataId":"0e74cf11-e42e-48cf-add9-2df15f1ee82e"},"type":"InitializeVariable","inputs":{"variables":[{"name":"output","type":"string","value":"@variables('values')"}]},"description":"This outputs the value of the string array of page ranges. This is helpful during debugging to see what is being outputted."},"numPages":{"runAfter":{"splitValuesString":["Succeeded"]},"metadata":{"operationMetadataId":"c52529db-b61f-4107-a39f-735d805e970c"},"type":"InitializeVariable","inputs":{"variables":[{"name":"numPages","type":"integer","value":"@body('Parse_JSON')?['extended_metadata']?['page_count']"}]},"description":"Convenience variable for referencing body('Parse_JSON')?['extended_metadata']?['page_count']"},"numSplitPoints":{"runAfter":{"numPages":["Succeeded"]},"metadata":{"operationMetadataId":"e9cef7cd-521f-46fd-8f99-888327765bac"},"type":"InitializeVariable","inputs":{"variables":[{"name":"numSplitPoints","type":"integer","value":"@sub(length(body('searchArray')), 1)"}]},"description":"Calculates the length of the searchArray-1 because this is number is used during the loop along with the iterator to change behavior once it gets to the last item."},"startPoint":{"runAfter":{"numSplitPoints":["Succeeded"]},"metadata":{"operationMetadataId":"6f1797f8-533e-4916-b343-dafccde58809"},"type":"InitializeVariable","inputs":{"variables":[{"name":"startPoint","type":"integer"}]},"description":"Will be used to store the start page."},"iterator":{"runAfter":{"endPoint":["Succeeded"]},"metadata":{"operationMetadataId":"b5c72fd9-2494-49a1-a2fb-4b80e249f731"},"type":"InitializeVariable","inputs":{"variables":[{"name":"iterator","type":"integer","value":0}]},"description":"iterator for the loop"},"endPoint":{"runAfter":{"startPoint":["Succeeded"]},"metadata":{"operationMetadataId":"30860a3e-fb97-42d2-bc77-fd8587d61ffd"},"type":"InitializeVariable","inputs":{"variables":[{"name":"endPoint","type":"integer"}]},"description":"Will be used to store the stop page in the page range."},"Split_PDF":{"runAfter":{"output":["Succeeded"]},"metadata":{"operationMetadataId":"0a4581f0-814d-406a-ad72-0e97176059e1"},"type":"OpenApiConnection","inputs":{"host":{"apiId":"/providers/Microsoft.PowerApps/apis/shared_adobepdftools","connectionName":"shared_adobepdftools_1","operationId":"SplitPDF"},"parameters":{"inputFileName":"file.pdf","splitByType":"PageRangeArray","splitConfiguration":"@variables('values')","InputFile0/body":"@triggerBody()?['file']?['contentBytes']"},"authentication":{"value":"@json(decodeBase64(triggerOutputs().headers['X-MS-APIM-Tokens']))['$ConnectionKey']","type":"Raw"}},"description":"Passes the combined PDF file along with the page ranges to split by using the \"array of page range\"."},"Apply_to_each":{"foreach":"@outputs('Split_PDF')?['body/documents']","actions":{"Create_file":{"runAfter":{},"metadata":{"operationMetadataId":"3a5c5ae4-400c-450a-8696-ba03a9bf1231"},"type":"OpenApiConnection","inputs":{"host":{"apiId":"/providers/Microsoft.PowerApps/apis/shared_sharepointonline","connectionName":"shared_sharepointonline_1","operationId":"CreateFile"},"parameters":{"dataset":"https://adobe.sharepoint.com/sites/BensTestSite","folderPath":"/Shared Documents/Extract Split/Output","name":"@{body('searchArray')?[variables('iterator')]?['Text']}.pdf","body":"@items('Apply_to_each')?['fileContent']"},"authentication":{"value":"@json(decodeBase64(triggerOutputs().headers['X-MS-APIM-Tokens']))['$ConnectionKey']","type":"Raw"}},"runtimeConfiguration":{"contentTransfer":{"transferMode":"Chunked"}}}},"runAfter":{"Set_variable_5":["Succeeded"]},"metadata":{"operationMetadataId":"047042f8-60c9-4e4e-8f6c-78812e786743"},"type":"Foreach","description":"For each split range, it creates a file in SharePoint."},"Set_variable_5":{"runAfter":{"Split_PDF":["Succeeded"]},"metadata":{"operationMetadataId":"abb65a06-6ae6-41a0-854e-4204c8ffc675"},"type":"SetVariable","inputs":{"name":"iterator","value":0},"description":"Resets the iterator. This is because it is going to be used to iterate through each found item to create files in SharePoint"}}},"connectionReferences":{"shared_adobepdftools_1":{"connectionName":"shared-adobepdftools-2f8f8814-a430-4dea-89bc-c29a-d8a6691c","source":"Invoker","id":"/providers/Microsoft.PowerApps/apis/shared_adobepdftools","tier":"NotSpecified"},"shared_sharepointonline_1":{"connectionName":"shared-sharepointonl-e0b893f1-6346-4646-8c3b-fc11-a9834183","source":"Invoker","id":"/providers/Microsoft.PowerApps/apis/shared_sharepointonline","tier":"NotSpecified"}},"flowFailureAlertSubscribed":false}}