{"name":"e8600840-932c-48f8-9ea8-6163e8641fc3","id":"/providers/Microsoft.Flow/flows/e8600840-932c-48f8-9ea8-6163e8641fc3","type":"Microsoft.Flow/flows","properties":{"apiId":"/providers/Microsoft.PowerApps/apis/shared_logicflows","displayName":"PDF Properties - PDF Tagging Detection","definition":{"metadata":{"workflowEntityId":null,"processAdvisorMetadata":null,"flowclientsuspensionreason":"None","flowclientsuspensiontime":null,"creator":{"id":"68ee868f-1843-4fcc-a6f9-9a6b1715741a","type":"User","tenantId":"fa7b1b5a-7b34-4387-94ae-d2c178decee1"},"provisioningMethod":"FromDefinition","failureAlertSubscription":true,"clientLastModifiedTime":"2022-02-20T23:27:08.3713894Z"},"$schema":"https://schema.management.azure.com/providers/Microsoft.Logic/schemas/2016-06-01/workflowdefinition.json#","contentVersion":"1.0.0.0","parameters":{"$connections":{"defaultValue":{},"type":"Object"},"$authentication":{"defaultValue":{},"type":"SecureObject"}},"triggers":{"When_a_file_is_created_in_a_folder":{"recurrence":{"frequency":"Minute","interval":1},"metadata":{"%252fAccessible%2bDocs":"/Accessible Docs","operationMetadataId":"5ddb4c06-1895-4d00-8ded-90e4efd9f645"},"type":"OpenApiConnection","inputs":{"host":{"apiId":"/providers/Microsoft.PowerApps/apis/shared_sharepointonline","connectionName":"shared_sharepointonline","operationId":"OnNewFile"},"parameters":{"dataset":"https://adobe.sharepoint.com/sites/BensTestSite","folderId":"%252fAccessible%2bDocs","inferContentType":true},"authentication":"@parameters('$authentication')"},"description":"Set the address and folder in SharePoint. When a file is dropped in this folder, it will trigger this flow."}},"actions":{"Get_file_content":{"runAfter":{},"metadata":{"operationMetadataId":"4d1b1f5c-42a4-4ef9-abee-4a2ea059f861"},"type":"OpenApiConnection","inputs":{"host":{"apiId":"/providers/Microsoft.PowerApps/apis/shared_sharepointonline","connectionName":"shared_sharepointonline","operationId":"GetFileContent"},"parameters":{"dataset":"https://adobe.sharepoint.com/sites/BensTestSite","id":"@triggerOutputs()?['headers/x-ms-file-id']","inferContentType":true},"authentication":"@parameters('$authentication')"},"description":"Get file content of file that was dropped into SharePoint. x-ms-file-id is the variable from the trigger used to get the file ID."},"Get_PDF_Properties":{"runAfter":{"Get_file_metadata_using_path":["Succeeded"]},"metadata":{"operationMetadataId":"61b77cba-c1fa-4cc6-b282-c59ee2468564"},"type":"OpenApiConnection","inputs":{"host":{"apiId":"/providers/Microsoft.PowerApps/apis/shared_adobepdftools","connectionName":"shared_adobepdftools_1","operationId":"PDFProperties"},"parameters":{"inputFileName":"file.pdf","InputFile0/body":"@body('Get_file_content')","pageLevel":true},"authentication":"@parameters('$authentication')"},"description":"PDF Properties API is used to get information such as whether the document is tagged with accessibility tags or PDF/UA compliant."},"Condition_-_If_PDF_Tagged":{"actions":{"Condition_-_Is_PDFUA":{"actions":{"Update_file_properties:_Set_to_PDFUA":{"runAfter":{},"metadata":{"operationMetadataId":"63084914-2c5b-4646-a642-e2d8d9b6906e"},"type":"OpenApiConnection","inputs":{"host":{"apiId":"/providers/Microsoft.PowerApps/apis/shared_sharepointonline","connectionName":"shared_sharepointonline","operationId":"PatchFileItem"},"parameters":{"dataset":"https://adobe.sharepoint.com/sites/BensTestSite","table":"59512f8a-bf13-4508-a0b6-2dbdd239f754","id":"@outputs('Get_file_metadata_using_path')?['body/ItemId']","item/Status/Value":"PDF/UA"},"authentication":"@parameters('$authentication')"},"description":"Sets the Status metadata field to PDF/UA. You can set this based on how you want metadata to be updated in SharePoint."}},"runAfter":{},"else":{"actions":{"Update_file_properties:_Set_to_Tagged":{"runAfter":{},"metadata":{"operationMetadataId":"d6acafd8-c12d-49d5-9a1e-e7a6933f0ee3"},"type":"OpenApiConnection","inputs":{"host":{"apiId":"/providers/Microsoft.PowerApps/apis/shared_sharepointonline","connectionName":"shared_sharepointonline","operationId":"PatchFileItem"},"parameters":{"dataset":"https://adobe.sharepoint.com/sites/BensTestSite","table":"59512f8a-bf13-4508-a0b6-2dbdd239f754","id":"@outputs('Get_file_metadata_using_path')?['body/ItemId']","item/Status/Value":"Tagged"},"authentication":"@parameters('$authentication')"},"description":"Sets the Status metadata field to be Tagged. You can set this based on how you want metadata to be updated in SharePoint."}}},"expression":{"equals":["@outputs('Get_PDF_Properties')?['body/properties/compliance_level']","PDF/UA-1"]},"metadata":{"operationMetadataId":"4a056297-87f6-4641-bd07-2a94a66cd7d9"},"type":"If","description":"Checks if the document is a PDF/UA document"}},"runAfter":{"Get_PDF_Properties":["Succeeded"]},"else":{"actions":{"Update_file_properties_2":{"runAfter":{},"metadata":{"operationMetadataId":"4e2a9676-8740-461f-8d9b-4052f1cee413"},"type":"OpenApiConnection","inputs":{"host":{"apiId":"/providers/Microsoft.PowerApps/apis/shared_sharepointonline","connectionName":"shared_sharepointonline","operationId":"PatchFileItem"},"parameters":{"dataset":"https://adobe.sharepoint.com/sites/BensTestSite","table":"59512f8a-bf13-4508-a0b6-2dbdd239f754","id":"@outputs('Get_file_metadata_using_path')?['body/ItemId']","item/Status/Value":"Not Tagged"},"authentication":"@parameters('$authentication')"},"description":"If document is not tagged, then it will set to Untagged in the metadata. You can set this to be whatever you want the behavior to be in SharePoint."}}},"expression":{"equals":["@outputs('Get_PDF_Properties')?['body/properties/tagged']",true]},"metadata":{"operationMetadataId":"86880bcc-7e3e-4039-a9bb-f112ad8cee1a"},"type":"If","description":"Checks if the document is tagged with accessibility tags or not. If true, it will check if it is also a PDF/UA document."},"Get_file_metadata_using_path":{"runAfter":{"Get_file_content":["Succeeded"]},"metadata":{"operationMetadataId":"efeba28a-545e-4f00-8f70-4b996c4e66f0"},"type":"OpenApiConnection","inputs":{"host":{"apiId":"/providers/Microsoft.PowerApps/apis/shared_sharepointonline","connectionName":"shared_sharepointonline","operationId":"GetFileMetadataByPath"},"parameters":{"dataset":"https://adobe.sharepoint.com/sites/BensTestSite","path":"@triggerOutputs()?['headers/x-ms-file-path-encoded']"},"authentication":"@parameters('$authentication')"},"description":"Get the metadata about the file that was added to the folder. x-ms-file-path is used to get the path of that file."}}},"connectionReferences":{"shared_sharepointonline":{"connectionName":"shared-sharepointonl-0ac36035-98dd-45b7-a5a3-d33670ba7539","source":"Embedded","id":"/providers/Microsoft.PowerApps/apis/shared_sharepointonline","tier":"NotSpecified"},"shared_adobepdftools_1":{"connectionName":"shared-adobepdftools-2f8f8814-a430-4dea-89bc-c29a-d8a6691c","source":"Embedded","id":"/providers/Microsoft.PowerApps/apis/shared_adobepdftools","tier":"NotSpecified"}},"flowFailureAlertSubscribed":false}}